{
    "params": [
        {
            "n_estimators": 300,
            "max_features": null,
            "n_jobs": -1
        },
        {
            "n_estimators": 300,
            "max_features": "sqrt",
            "n_jobs": -1
        },
        {
            "n_estimators": 300,
            "max_features": "log2",
            "n_jobs": -1
        }
    ],
    "mean_test_score": [
        0.7482171190309059,
        0.792180917981591,
        0.8034545547767378
    ],
    "std_test_score": [
        1.1738607551873319e-07,
        6.123061344125409e-07,
        8.226710906380244e-07
    ],
    "split0_test_score": [
        0.7480436131586835,
        0.7930502300055559,
        0.8032419134301145
    ],
    "split1_test_score": [
        0.748260422690431,
        0.7916718892937091,
        0.8050588191296849
    ],
    "split2_test_score": [
        0.7486867119165913,
        0.7932114825769747,
        0.8031049897036758
    ],
    "split3_test_score": [
        0.747675375048246,
        0.7915788339924882,
        0.8035774733577841
    ],
    "split4_test_score": [
        0.7484194723405778,
        0.7913921540392269,
        0.8022895782624302
    ]
}