{
    "mean_fit_time": [
        252.77352867126464,
        506.57920360565186,
        1009.7305562019349,
        251.0360797405243,
        505.6420174598694,
        1006.7351704120636,
        252.4514380455017,
        505.45576734542846,
        1013.0233541965484,
        253.0975866317749,
        509.34317617416383,
        1015.7861770153046,
        254.23755259513854,
        506.57294206619264,
        1016.0775974273681,
        254.31052141189576,
        507.4357870101929,
        908.9740608692169
    ],
    "std_fit_time": [
        2.7198986443671713,
        1.5019240357910164,
        7.507169330387865,
        2.820822001817982,
        3.5893963547577665,
        7.567883645018947,
        1.3553681277940701,
        2.470679425953992,
        4.929072657022667,
        2.1717186683736602,
        3.3341559673157217,
        5.55791862689154,
        1.2630803756576012,
        2.6363211275523453,
        6.3675667620170335,
        1.2197720544087274,
        1.5661672568587346,
        185.45242768628057
    ],
    "mean_score_time": [
        0.15345287322998047,
        0.296696138381958,
        0.5689079761505127,
        0.15362238883972168,
        0.2883347511291504,
        0.5765546798706055,
        0.15090794563293458,
        0.28853707313537597,
        0.5671882152557373,
        0.33319740295410155,
        0.6631134510040283,
        1.293968391418457,
        0.33156466484069824,
        0.6539694309234619,
        1.291048288345337,
        0.3280919075012207,
        0.6589316368103028,
        1.1168753623962402
    ],
    "std_score_time": [
        0.0026036501252811135,
        0.010666762341633494,
        0.0033478997503487845,
        0.004169007210965804,
        0.0015098340013189233,
        0.012208704500892086,
        0.0028134419107288832,
        0.0013140441611534806,
        0.0064474072826079,
        0.005102966434770352,
        0.011455476318209886,
        0.018086473878523038,
        0.004890633557833081,
        0.007248207520630354,
        0.009474737537390263,
        0.0013709585379095355,
        0.012905182642017766,
        0.2448438118761131
    ],
    "param_algorithm": [
        "SAMME",
        "SAMME",
        "SAMME",
        "SAMME",
        "SAMME",
        "SAMME",
        "SAMME",
        "SAMME",
        "SAMME",
        "SAMME.R",
        "SAMME.R",
        "SAMME.R",
        "SAMME.R",
        "SAMME.R",
        "SAMME.R",
        "SAMME.R",
        "SAMME.R",
        "SAMME.R"
    ],
    "param_learning_rate": [
        1.0,
        1.0,
        1.0,
        0.1,
        0.1,
        0.1,
        0.01,
        0.01,
        0.01,
        1.0,
        1.0,
        1.0,
        0.1,
        0.1,
        0.1,
        0.01,
        0.01,
        0.01
    ],
    "param_n_estimators": [
        50,
        100,
        200,
        50,
        100,
        200,
        50,
        100,
        200,
        50,
        100,
        200,
        50,
        100,
        200,
        50,
        100,
        200
    ],
    "params": [
        {
            "algorithm": "SAMME",
            "learning_rate": 1.0,
            "n_estimators": 50
        },
        {
            "algorithm": "SAMME",
            "learning_rate": 1.0,
            "n_estimators": 100
        },
        {
            "algorithm": "SAMME",
            "learning_rate": 1.0,
            "n_estimators": 200
        },
        {
            "algorithm": "SAMME",
            "learning_rate": 0.1,
            "n_estimators": 50
        },
        {
            "algorithm": "SAMME",
            "learning_rate": 0.1,
            "n_estimators": 100
        },
        {
            "algorithm": "SAMME",
            "learning_rate": 0.1,
            "n_estimators": 200
        },
        {
            "algorithm": "SAMME",
            "learning_rate": 0.01,
            "n_estimators": 50
        },
        {
            "algorithm": "SAMME",
            "learning_rate": 0.01,
            "n_estimators": 100
        },
        {
            "algorithm": "SAMME",
            "learning_rate": 0.01,
            "n_estimators": 200
        },
        {
            "algorithm": "SAMME.R",
            "learning_rate": 1.0,
            "n_estimators": 50
        },
        {
            "algorithm": "SAMME.R",
            "learning_rate": 1.0,
            "n_estimators": 100
        },
        {
            "algorithm": "SAMME.R",
            "learning_rate": 1.0,
            "n_estimators": 200
        },
        {
            "algorithm": "SAMME.R",
            "learning_rate": 0.1,
            "n_estimators": 50
        },
        {
            "algorithm": "SAMME.R",
            "learning_rate": 0.1,
            "n_estimators": 100
        },
        {
            "algorithm": "SAMME.R",
            "learning_rate": 0.1,
            "n_estimators": 200
        },
        {
            "algorithm": "SAMME.R",
            "learning_rate": 0.01,
            "n_estimators": 50
        },
        {
            "algorithm": "SAMME.R",
            "learning_rate": 0.01,
            "n_estimators": 100
        },
        {
            "algorithm": "SAMME.R",
            "learning_rate": 0.01,
            "n_estimators": 200
        }
    ],
    "split0_test_score": [
        0.1881324180248372,
        0.2723630138059269,
        0.3584869908040827,
        0.11445835692092021,
        0.11445835692092021,
        0.11445835692092021,
        0.07656927808477437,
        0.07656927808477437,
        0.07656927808477437,
        0.14352931396098537,
        0.14352931396098537,
        0.14352931396098537,
        0.12410386101942956,
        0.27124680986431166,
        0.3098599414192699,
        0.18531589415950944,
        0.14730823738221832,
        0.12356830715821007
    ],
    "split1_test_score": [
        0.20746171330517557,
        0.28842933006410787,
        0.3554747478018986,
        0.11280407323705616,
        0.11280407323705616,
        0.11280407323705616,
        0.07701042444648207,
        0.07701042444648207,
        0.07701042444648207,
        0.14075488525558177,
        0.14075488525558177,
        0.14075488525558177,
        0.13579295848903644,
        0.26560788797078083,
        0.3209930712980181,
        0.16922693300143313,
        0.14844878753103236,
        0.12685592318039893
    ],
    "split2_test_score": [
        0.2032051838151588,
        0.2802012988544524,
        0.3613578112028588,
        0.11406023214755916,
        0.11406073601276942,
        0.12455377627198308,
        0.0770751612359072,
        0.0770751612359072,
        0.0770751612359072,
        0.14282988093567717,
        0.14282988093567717,
        0.14282988093567717,
        0.12323978942869354,
        0.25858777612431166,
        0.31543025798580804,
        0.16628722669228763,
        0.14892893378803598,
        0.1277616132163186
    ],
    "split3_test_score": [
        0.2047300188433442,
        0.2682362315899893,
        0.36412128020375273,
        0.11460997641528801,
        0.11460997641528801,
        0.11460997641528801,
        0.07756978263802317,
        0.07756978263802317,
        0.07756978263802317,
        0.13204681697827297,
        0.13204681697827297,
        0.13204681697827297,
        0.1314469728704988,
        0.2761764560338947,
        0.30048607390621046,
        0.16662903504907156,
        0.14814499414460242,
        0.12433098066921058
    ],