{
    "mean_fit_time": [
        502.7133674621582,
        381.4667964935303,
        693.3726081371308,
        481.71342597007754
    ],
    "std_fit_time": [
        5.594939340001654,
        6.253060130505411,
        10.023468908928962,
        54.51547276498853
    ],
    "mean_score_time": [
        0.40259456634521484,
        0.19905810356140136,
        0.4036306381225586,
        0.19232640266418458
    ],
    "std_score_time": [
        0.021102969161396003,
        0.006891169097506995,
        0.010758222341656293,
        0.027627416306916883
    ],
    "param_bootstrap": [
        true,
        true,
        false,
        false
    ],
    "param_bootstrap_features": [
        true,
        false,
        true,
        false
    ],
    "params": [
        {
            "bootstrap": true,
            "bootstrap_features": true
        },
        {
            "bootstrap": true,
            "bootstrap_features": false
        },
        {
            "bootstrap": false,
            "bootstrap_features": true
        },
        {
            "bootstrap": false,
            "bootstrap_features": false
        }
    ],
    "split0_test_score": [
        0.7596664012744172,
        0.7471429438061313,
        0.7598071319869973,
        0.7325390041149763
    ],
    "split1_test_score": [
        0.7606855878757245,
        0.7482990069771911,
        0.7691495107584051,
        0.7321724014344166
    ],
    "split2_test_score": [
        0.7574979963670676,
        0.7428485128069866,
        0.7631473922813381,
        0.7283035318448597
    ],
    "split3_test_score": [
        0.7495840425553179,
        0.7346758209966344,
        0.7524667791629904,
        0.7226515522591408
    ],
    "split4_test_score": [
        0.7554172304960424,
        0.7406322398695355,
        0.7591625789636008,
        0.7211086567882615
    ],
    "mean_test_score": [
        0.7565702517137138,
        0.7427197048912958,
        0.7607466786306664,
        0.727355029288331
    ],
    "std_test_score": [
        0.0039374971823146546,
        0.004894319647722264,
        0.00544646433285167,
        0.004735402666524983
    ],
    "rank_test_score": [
        2,
        3,
        1,
        4
    ]
}