{
    "mean_fit_time": [
        0.007568740844726562,
        0.006561994552612305,
        0.006121635437011719,
        773.7335812091827,
        1502.6416969299316,
        2260.167476940155,
        1022.2677963256835,
        2054.9561297416685,
        2997.663820743561,
        0.004040813446044922,
        0.0032471179962158202,
        0.003227567672729492,
        15.837793064117431,
        31.628233337402342,
        47.57162404060364,
        4.01863579750061,
        8.229358959197999,
        12.274436569213867,
        0.0035155296325683595,
        0.003554248809814453,
        0.003469371795654297,
        33.61586780548096,
        67.82854189872742,
        100.7446165561676,
        8.002587842941285,
        15.967821645736695,
        24.07698302268982,
        0.003450632095336914,
        0.0033868789672851563,
        0.0033548831939697265,
        54.92863478660583,
        106.62716827392578,
        158.54936780929566,
        12.336715841293335,
        24.331851387023924,
        35.187407636642455
    ],
    "std_fit_time": [
        0.0004306900964492208,
        0.0007655623619223921,
        0.0003985154960368995,
        6.716764150536968,
        8.769165155799412,
        11.206776096611666,
        2.7843776866385106,
        10.75175405767078,
        106.84096402132852,
        0.0015167994124686672,
        3.348660026941992e-05,
        1.8689096962370208e-05,
        0.11027870987998309,
        0.2989412967678483,
        0.24108871938014895,
        0.008617776513841562,
        0.08388568955038482,
        0.069162285485104,
        0.0001514537505120186,
        0.0001739715784716498,
        2.808186289391685e-05,
        0.2822513032278326,
        0.7073622115429835,
        0.7077934675832664,
        0.05479495646426469,
        0.24357194980923189,
        0.3026588980708957,
        2.6733942358371153e-05,
        4.7706741495695364e-05,
        2.28382599275811e-05,
        0.6113481728333309,
        1.02776171825722,
        1.575901604294442,
        0.1543430917977866,
        0.4353069943888153,
        3.7566454755402456
    ],
    "mean_score_time": [
        0.0,
        0.0,
        0.0,
        2.3054745197296143,
        4.495755386352539,
        6.70563759803772,
        6.788615703582764,
        13.564183950424194,
        28.58989534378052,
        0.0,
        0.0,
        0.0,
        0.1254206657409668,
        0.23644547462463378,
        0.34755539894104004,
        0.12086200714111328,
        0.23608522415161132,
        0.3452611923217773,
        0.0,
        0.0,
        0.0,
        0.1657392978668213,
        0.32791671752929685,
        0.4801370143890381,
        0.1614771842956543,
        0.32211942672729493,
        0.4756596565246582,
        0.0,
        0.0,
        0.0,
        0.21891632080078124,
        0.42580647468566896,
        0.6277990341186523,
        0.20393018722534179,
        0.3985428810119629,
        0.550326156616211
    ],
    "std_score_time": [
        0.0,
        0.0,
        0.0,
        0.1305807069422668,
        0.09828744907460421,
        0.24091971057612716,
        0.09077014211161988,
        0.10855858918106989,
        11.549525953870859,
        0.0,
        0.0,
        0.0,
        0.0008980407087462661,
        0.002825110650432236,
        0.00759561375842257,
        0.0021273587025446026,
        0.003221434012941535,
        0.013119507450320091,
        0.0,
        0.0,
        0.0,
        0.0024556040184854464,
        0.008571118431146697,
        0.009021910640186693,
        0.0023379581770176195,
        0.015598938808031261,
        0.018432392363255785,
        0.0,
        0.0,
        0.0,
        0.008496129121450705,
        0.012002555562804376,
        0.019174638017799953,
        0.006711510005036096,
        0.01683463315860829,
        0.06181245411200574
    ],
    "param_max_depth": [
        NaN,
        NaN,
        NaN,
        NaN,
        NaN,
        NaN,
        NaN,
        NaN,
        NaN,
        10.0,
        10.0,
        10.0,
        10.0,
        10.0,
        10.0,
        10.0,
        10.0,
        10.0,
        20.0,
        20.0,
        20.0,
        20.0,
        20.0,
        20.0,
        20.0,
        20.0,
        20.0,
        30.0,
        30.0,
        30.0,
        30.0,
        30.0,
        30.0,
        30.0,
        30.0,
        30.0
    ],
    "param_max_features": [
        "auto",
        "auto",
        "auto",
        "sqrt",
        "sqrt",
        "sqrt",
        "log2",
        "log2",
        "log2",
        "auto",
        "auto",
        "auto",
        "sqrt",
        "sqrt",
        "sqrt",
        "log2",
        "log2",
        "log2",
        "auto",
        "auto",
        "auto",
        "sqrt",
        "sqrt",
        "sqrt",
        "log2",
        "log2",
        "log2",
        "auto",
        "auto",
        "auto",
        "sqrt",
        "sqrt",
        "sqrt",
        "log2",
        "log2",
        "log2"
    ],
    "param_n_estimators": [
        100,
        200,
        300,
        100,
        200,
        300,
        100,
        200,
        300,
        100,
        200,
        300,
        100,
        200,
        300,
        100,
        200,
        300,
        100,
        200,
        300,
        100,
        200,
        300,
        100,
        200,
        300,
        100,
        200,
        300,
        100,
        200,
        300,
        100,
        200,
        300
    ],
    "params": [
        {
            "max_depth": null,
            "max_features": "auto",
            "n_estimators": 100
        },
        {
            "max_depth": null,
            "max_features": "auto",
            "n_estimators": 200
        },
        {
            "max_depth": null,
            "max_features": "auto",
            "n_estimators": 300
        },
        {
            "max_depth": null,
            "max_features": "sqrt",
            "n_estimators": 100
        },
        {
            "max_depth": null,
            "max_features": "sqrt",
            "n_estimators": 200
        },
        {
            "max_depth": null,
            "max_features": "sqrt",
            "n_estimators": 300
        },
        {
            "max_depth": null,
            "max_features": "log2",
            "n_estimators": 100
        },
        {
            "max_depth": null,
            "max_features": "log2",
            "n_estimators": 200
        },
        {
            "max_depth": null,
            "max_features": "log2",
            "n_estimators": 300
        },
        {
            "max_depth": 10,
            "max_features": "auto",
            "n_estimators": 100
        },
        {
            "max_depth": 10,
            "max_features": "auto",
            "n_estimators": 200
        },
        {
            "max_depth": 10,
            "max_features": "auto",
            "n_estimators": 300
        },
        {
            "max_depth": 10,
            "max_features": "sqrt",
            "n_estimators": 100
        },
        {
            "max_depth": 10,
            "max_features": "sqrt",
            "n_estimators": 200
        },
        {
            "max_depth": 10,
            "max_features": "sqrt",
            "n_estimators": 300
        },
        {
            "max_depth": 10,
            "max_features": "log2",
            "n_estimators": 100
        },
        {
            "max_depth": 10,
            "max_features": "log2",
            "n_estimators": 200
        },
        {
            "max_depth": 10,
            "max_features": "log2",
            "n_estimators": 300
        },
        {
            "max_depth": 20,
            "max_features": "auto",
            "n_estimators": 100
        },
        {
            "max_depth": 20,
            "max_features": "auto",
            "n_estimators": 200
        },
        {
            "max_depth": 20,
            "max_features": "auto",