{
    "k_nearest_neighbors": 0.47771445098907306,
    "mulinomialNB": 0.7714327375589354
}
